Entity,Code,Year,Wind Capacity
Africa,,1997,0.006
Africa,,1998,0.01
Africa,,1999,0.064
Africa,,2000,0.13340000000000002
Africa,,2001,0.13340000000000002
Africa,,2002,0.13966
Africa,,2003,0.15024
Africa,,2004,0.22616
Africa,,2005,0.22638
Africa,,2006,0.31108
Africa,,2007,0.45192000000000004
Africa,,2008,0.53712
Africa,,2009,0.7240500000000001
Africa,,2010,0.846477
Africa,,2011,0.976682
Africa,,2012,1.1099740000000002
Africa,,2013,1.724204
Africa,,2014,2.382768
Africa,,2015,3.322
Africa,,2016,3.829
Africa,,2017,4.581
Africa,,2018,5.469
Africa,,2019,5.769
Africa,,2020,6.4910000000000005
Argentina,ARG,1997,0.009000000000000001
Argentina,ARG,1998,0.014
Argentina,ARG,1999,0.014
Argentina,ARG,2000,0.0141
Argentina,ARG,2001,0.024800000000000003
Argentina,ARG,2002,0.0258
Argentina,ARG,2003,0.0257
Argentina,ARG,2004,0.027800000000000002
Argentina,ARG,2005,0.027800000000000002
Argentina,ARG,2006,0.027800000000000002
Argentina,ARG,2007,0.027800000000000002
Argentina,ARG,2008,0.027800000000000002
Argentina,ARG,2009,0.027800000000000002
Argentina,ARG,2010,0.027800000000000002
Argentina,ARG,2011,0.0596
Argentina,ARG,2012,0.137
Argentina,ARG,2013,0.19
Argentina,ARG,2014,0.2152
Argentina,ARG,2015,0.187
Argentina,ARG,2016,0.187
Argentina,ARG,2017,0.257202
Argentina,ARG,2018,0.750092
Argentina,ARG,2019,1.609409
Argentina,ARG,2020,2.624
Asia Pacific,,1997,1.117075
Asia Pacific,,1998,1.242075
Asia Pacific,,1999,1.4227550000000002
Asia Pacific,,2000,1.7775999999999998
Asia Pacific,,2001,2.1496
Asia Pacific,,2002,2.6193000000000004
Asia Pacific,,2003,3.4839
Asia Pacific,,2004,5.1403
Asia Pacific,,2005,7.8106
Asia Pacific,,2006,11.5235
Asia Pacific,,2007,15.603700000000002
Asia Pacific,,2008,22.797854000000008
Asia Pacific,,2009,33.55745400000001
Asia Pacific,,2010,48.519154
Asia Pacific,,2011,68.72564100000001
Asia Pacific,,2012,86.03970199999998
Asia Pacific,,2013,103.430299
Asia Pacific,,2014,128.811589
Asia Pacific,,2015,166.703591
Asia Pacific,,2016,189.15221599999998
Asia Pacific,,2017,210.459
Asia Pacific,,2018,235.561
Asia Pacific,,2019,265.111
Asia Pacific,,2020,341.896
Australia,AUS,1997,0.004
Australia,AUS,1998,0.01
Australia,AUS,1999,0.01
Australia,AUS,2000,0.033
Australia,AUS,2001,0.076
Australia,AUS,2002,0.106
Australia,AUS,2003,0.19
Australia,AUS,2004,0.379
Australia,AUS,2005,0.74
Australia,AUS,2006,0.8190000000000001
Australia,AUS,2007,1.249
Australia,AUS,2008,1.441
Australia,AUS,2009,1.703
Australia,AUS,2010,1.864
Australia,AUS,2011,2.1270000000000002
Australia,AUS,2012,2.561
Australia,AUS,2013,3.221
Australia,AUS,2014,3.797
Australia,AUS,2015,4.234
Australia,AUS,2016,4.327
Australia,AUS,2017,4.816
Australia,AUS,2018,5.679
Australia,AUS,2019,7.133
Australia,AUS,2020,9.457
Austria,AUT,1997,0.02
Austria,AUT,1998,0.03
Austria,AUT,1999,0.042
Austria,AUT,2000,0.05
Austria,AUT,2001,0.067
Austria,AUT,2002,0.109
Austria,AUT,2003,0.322
Austria,AUT,2004,0.581
Austria,AUT,2005,0.825219
Austria,AUT,2006,0.968269
Austria,AUT,2007,0.991159
Austria,AUT,2008,0.991974
Austria,AUT,2009,1.000985
Austria,AUT,2010,1.015828
Austria,AUT,2011,1.105966
Austria,AUT,2012,1.33715
Austria,AUT,2013,1.674538
Austria,AUT,2014,2.110275
Austria,AUT,2015,2.488726
Austria,AUT,2016,2.7299960000000003
Austria,AUT,2017,2.886698
Austria,AUT,2018,3.1327130000000003
Austria,AUT,2019,3.224
Austria,AUT,2020,3.224
Belgium,BEL,1997,0.009000000000000001
Belgium,BEL,1998,0.01
Belgium,BEL,1999,0.011
Belgium,BEL,2000,0.014
Belgium,BEL,2001,0.026000000000000002
Belgium,BEL,2002,0.031
Belgium,BEL,2003,0.067
Belgium,BEL,2004,0.096
Belgium,BEL,2005,0.167
Belgium,BEL,2006,0.212
Belgium,BEL,2007,0.276
Belgium,BEL,2008,0.324
Belgium,BEL,2009,0.608
Belgium,BEL,2010,0.912
Belgium,BEL,2011,1.069
Belgium,BEL,2012,1.37
Belgium,BEL,2013,1.78
Belgium,BEL,2014,1.944
Belgium,BEL,2015,2.176
Belgium,BEL,2016,2.37
Belgium,BEL,2017,2.7880000000000003
Belgium,BEL,2018,3.2680000000000002
Belgium,BEL,2019,3.863
Belgium,BEL,2020,4.692
Brazil,BRA,1997,0.004
Brazil,BRA,1998,0.019
Brazil,BRA,1999,0.022
Brazil,BRA,2000,0.022
Brazil,BRA,2001,0.024
Brazil,BRA,2002,0.022
Brazil,BRA,2003,0.024
Brazil,BRA,2004,0.024
Brazil,BRA,2005,0.029
Brazil,BRA,2006,0.23700000000000002
Brazil,BRA,2007,0.247
Brazil,BRA,2008,0.398
Brazil,BRA,2009,0.602
Brazil,BRA,2010,0.927
Brazil,BRA,2011,1.426
Brazil,BRA,2012,1.8940000000000001
Brazil,BRA,2013,2.202
Brazil,BRA,2014,4.888
Brazil,BRA,2015,7.633
Brazil,BRA,2016,10.129
Brazil,BRA,2017,12.304
Brazil,BRA,2018,14.843
Brazil,BRA,2019,15.438
Brazil,BRA,2020,17.198
Bulgaria,BGR,1997,0
Bulgaria,BGR,1998,0
Bulgaria,BGR,1999,0
Bulgaria,BGR,2000,0
Bulgaria,BGR,2001,0
Bulgaria,BGR,2002,0
Bulgaria,BGR,2003,0
Bulgaria,BGR,2004,0.001
Bulgaria,BGR,2005,0.008
Bulgaria,BGR,2006,0.027
Bulgaria,BGR,2007,0.03
Bulgaria,BGR,2008,0.114
Bulgaria,BGR,2009,0.333
Bulgaria,BGR,2010,0.488
Bulgaria,BGR,2011,0.541
Bulgaria,BGR,2012,0.677
Bulgaria,BGR,2013,0.683
Bulgaria,BGR,2014,0.6990000000000001
Bulgaria,BGR,2015,0.6990000000000001
Bulgaria,BGR,2016,0.6990000000000001
Bulgaria,BGR,2017,0.69839
Bulgaria,BGR,2018,0.69892
Bulgaria,BGR,2019,0.7030000000000001
Bulgaria,BGR,2020,0.7030000000000001
CIS,,2000,0.003
CIS,,2001,0.003
CIS,,2002,0.007
CIS,,2003,0.009000000000000001
CIS,,2004,0.009000000000000001
CIS,,2005,0.0126
CIS,,2006,0.012599999999999995
CIS,,2007,0.012599999999999995
CIS,,2008,0.012600000000000024
CIS,,2009,0.014600000000000024
CIS,,2010,0.01464
CIS,,2011,0.01264
CIS,,2012,0.014140000000000002
CIS,,2013,0.01934
CIS,,2014,0.06815
CIS,,2015,0.09390000000000001
CIS,,2016,0.1489
CIS,,2017,0.16390000000000002
CIS,,2018,0.26389999999999997
CIS,,2019,0.4769
CIS,,2020,1.522
Canada,CAN,1997,0.026000000000000002
Canada,CAN,1998,0.083
Canada,CAN,1999,0.126
Canada,CAN,2000,0.139
Canada,CAN,2001,0.214
Canada,CAN,2002,0.27
Canada,CAN,2003,0.35100000000000003
Canada,CAN,2004,0.444
Canada,CAN,2005,0.677
Canada,CAN,2006,1.423
Canada,CAN,2007,1.84
Canada,CAN,2008,2.336
Canada,CAN,2009,3.282
Canada,CAN,2010,3.967
Canada,CAN,2011,5.265
Canada,CAN,2012,6.2010000000000005
Canada,CAN,2013,7.801
Canada,CAN,2014,9.694
Canada,CAN,2015,11.214
Canada,CAN,2016,11.973
Canada,CAN,2017,12.403
Canada,CAN,2018,12.816
Canada,CAN,2019,13.413
Canada,CAN,2020,13.577
Chile,CHL,1997,0
Chile,CHL,1998,0
Chile,CHL,1999,0
Chile,CHL,2000,0
Chile,CHL,2001,0.002
Chile,CHL,2002,0.002
Chile,CHL,2003,0.002
Chile,CHL,2004,0.002
Chile,CHL,2005,0.002
Chile,CHL,2006,0.002
Chile,CHL,2007,0.02
Chile,CHL,2008,0.02
Chile,CHL,2009,0.163
Chile,CHL,2010,0.163
Chile,CHL,2011,0.184
Chile,CHL,2012,0.202
Chile,CHL,2013,0.301
Chile,CHL,2014,0.736
Chile,CHL,2015,0.91
Chile,CHL,2016,1.039
Chile,CHL,2017,1.305
Chile,CHL,2018,1.524
Chile,CHL,2019,1.620074
Chile,CHL,2020,2.149
China,CHN,1997,0.146
China,CHN,1998,0.2
China,CHN,1999,0.262
China,CHN,2000,0.341
China,CHN,2001,0.383
China,CHN,2002,0.449
China,CHN,2003,0.547
China,CHN,2004,0.763
China,CHN,2005,1.06
China,CHN,2006,2.07
China,CHN,2007,4.2
China,CHN,2008,8.387728
China,CHN,2009,17.599408
China,CHN,2010,29.633478
China,CHN,2011,46.3546
China,CHN,2012,61.596873
China,CHN,2013,76.73053
China,CHN,2014,96.81913
China,CHN,2015,131.04773
China,CHN,2016,148.51689000000002
China,CHN,2017,164.374477
China,CHN,2018,184.66487700000002
China,CHN,2019,209.528
China,CHN,2020,281.993
Costa Rica,CRI,1997,0.023
Costa Rica,CRI,1998,0.027
Costa Rica,CRI,1999,0.035
Costa Rica,CRI,2000,0.0425
Costa Rica,CRI,2001,0.0623
Costa Rica,CRI,2002,0.0623
Costa Rica,CRI,2003,0.0686
Costa Rica,CRI,2004,0.0686
Costa Rica,CRI,2005,0.0686
Costa Rica,CRI,2006,0.0686
Costa Rica,CRI,2007,0.0699
Costa Rica,CRI,2008,0.0699
Costa Rica,CRI,2009,0.1196
Costa Rica,CRI,2010,0.1196
Costa Rica,CRI,2011,0.1328
Costa Rica,CRI,2012,0.1481
Costa Rica,CRI,2013,0.1481
Costa Rica,CRI,2014,0.1965
Costa Rica,CRI,2015,0.27814
Costa Rica,CRI,2016,0.31914
Costa Rica,CRI,2017,0.378
Costa Rica,CRI,2018,0.40776999999999997
Costa Rica,CRI,2019,0.41092
Costa Rica,CRI,2020,0.394
Denmark,DNK,1997,1.116
Denmark,DNK,1998,1.42
Denmark,DNK,1999,1.738
Denmark,DNK,2000,2.39
Denmark,DNK,2001,2.4972
Denmark,DNK,2002,2.8945
Denmark,DNK,2003,3.1199000000000003
Denmark,DNK,2004,3.1237
Denmark,DNK,2005,3.1278
Denmark,DNK,2006,3.1357
Denmark,DNK,2007,3.1242
Denmark,DNK,2008,3.1629
Denmark,DNK,2009,3.4821
Denmark,DNK,2010,3.8018
Denmark,DNK,2011,3.952
Denmark,DNK,2012,4.1619
Denmark,DNK,2013,4.819100000000001
Denmark,DNK,2014,4.8866000000000005
Denmark,DNK,2015,5.076976
Denmark,DNK,2016,5.245
Denmark,DNK,2017,5.489
Denmark,DNK,2018,6.115
Denmark,DNK,2019,6.103
Denmark,DNK,2020,6.235
Egypt,EGY,1997,0.006
Egypt,EGY,1998,0.006
Egypt,EGY,1999,0.036000000000000004
Egypt,EGY,2000,0.069
Egypt,EGY,2001,0.069
Egypt,EGY,2002,0.069
Egypt,EGY,2003,0.069
Egypt,EGY,2004,0.145
Egypt,EGY,2005,0.145
Egypt,EGY,2006,0.23
Egypt,EGY,2007,0.31
Egypt,EGY,2008,0.39
Egypt,EGY,2009,0.435
Egypt,EGY,2010,0.55
Egypt,EGY,2011,0.55
Egypt,EGY,2012,0.55
Egypt,EGY,2013,0.55
Egypt,EGY,2014,0.55
Egypt,EGY,2015,0.75
Egypt,EGY,2016,0.75
Egypt,EGY,2017,0.75
Egypt,EGY,2018,1.125
Egypt,EGY,2019,1.375
Egypt,EGY,2020,1.375
Europe,,1997,4.8100000000000005
Europe,,1998,6.383100000000001
Europe,,1999,9.2798
Europe,,2000,12.749885
Europe,,2001,17.411903
Europe,,2002,23.307081
Europe,,2003,28.169936000000003
Europe,,2004,34.337372
Europe,,2005,40.701315
Europe,,2006,47.973925
Europe,,2007,56.482856
Europe,,2008,64.415552
Europe,,2009,76.59579500000001
Europe,,2010,86.23638900000002
Europe,,2011,96.439363
Europe,,2012,109.44361
Europe,,2013,121.01438599999999
Europe,,2014,133.814392
Europe,,2015,147.536
Europe,,2016,161.507
Europe,,2017,177.14015
Europe,,2018,188.96835000000002
Europe,,2019,203.90215
Europe,,2020,216.579
Finland,FIN,1997,0.012
Finland,FIN,1998,0.018000000000000002
Finland,FIN,1999,0.039
Finland,FIN,2000,0.038
Finland,FIN,2001,0.039
Finland,FIN,2002,0.043000000000000003
Finland,FIN,2003,0.052000000000000005
Finland,FIN,2004,0.082
Finland,FIN,2005,0.082
Finland,FIN,2006,0.08600000000000001
Finland,FIN,2007,0.11
Finland,FIN,2008,0.14300000000000002
Finland,FIN,2009,0.147
Finland,FIN,2010,0.197
Finland,FIN,2011,0.199
Finland,FIN,2012,0.257
Finland,FIN,2013,0.447
Finland,FIN,2014,0.627
Finland,FIN,2015,1.0050000000000001
Finland,FIN,2016,1.565
Finland,FIN,2017,2.044
Finland,FIN,2018,2.041
Finland,FIN,2019,2.28155
Finland,FIN,2020,2.474
France,FRA,1997,0.013000000000000001
France,FRA,1998,0.021
France,FRA,1999,0.025
France,FRA,2000,0.038
France,FRA,2001,0.066
France,FRA,2002,0.138
France,FRA,2003,0.218
France,FRA,2004,0.358
France,FRA,2005,0.6900000000000001
France,FRA,2006,1.412
France,FRA,2007,2.223
France,FRA,2008,3.403
France,FRA,2009,4.582
France,FRA,2010,5.912
France,FRA,2011,6.758016
France,FRA,2012,7.607496
France,FRA,2013,8.155961
France,FRA,2014,9.201424999999999
France,FRA,2015,10.29818
France,FRA,2016,11.566564000000001
France,FRA,2017,13.499357
France,FRA,2018,14.900146000000001
France,FRA,2019,16.427
France,FRA,2020,17.382
Germany,DEU,1997,2.089
Germany,DEU,1998,2.8770000000000002
Germany,DEU,1999,4.4350000000000005
Germany,DEU,2000,6.095
Germany,DEU,2001,8.754
Germany,DEU,2002,12.001
Germany,DEU,2003,14.381
Germany,DEU,2004,16.419
Germany,DEU,2005,18.248
Germany,DEU,2006,20.474
Germany,DEU,2007,22.116
Germany,DEU,2008,22.794
Germany,DEU,2009,25.732
Germany,DEU,2010,26.903000000000002
Germany,DEU,2011,28.712
Germany,DEU,2012,30.979
Germany,DEU,2013,33.477000000000004
Germany,DEU,2014,38.614000000000004
Germany,DEU,2015,44.58
Germany,DEU,2016,49.435
Germany,DEU,2017,55.58
Germany,DEU,2018,58.721000000000004
Germany,DEU,2019,60.721000000000004
Germany,DEU,2020,62.184000000000005
Greece,GRC,1997,0.029
Greece,GRC,1998,0.0381
Greece,GRC,1999,0.1058
Greece,GRC,2000,0.226
Greece,GRC,2001,0.27
Greece,GRC,2002,0.28700000000000003
Greece,GRC,2003,0.371
Greece,GRC,2004,0.47000000000000003
Greece,GRC,2005,0.491
Greece,GRC,2006,0.749
Greece,GRC,2007,0.846
Greece,GRC,2008,1.022
Greece,GRC,2009,1.171
Greece,GRC,2010,1.298
Greece,GRC,2011,1.6400000000000001
Greece,GRC,2012,1.7530000000000001
Greece,GRC,2013,1.809
Greece,GRC,2014,1.978
Greece,GRC,2015,2.091
Greece,GRC,2016,2.37
Greece,GRC,2017,2.624
Greece,GRC,2018,2.877495
Greece,GRC,2019,3.589
Greece,GRC,2020,4.113
India,IND,1997,0.9400000000000001
India,IND,1998,0.992
India,IND,1999,1.035
India,IND,2000,1.2670000000000001
India,IND,2001,1.456
India,IND,2002,1.702
India,IND,2003,2.125
India,IND,2004,3
India,IND,2005,4.4338999999999995
India,IND,2006,6.315
India,IND,2007,7.8445
India,IND,2008,10.2425
India,IND,2009,10.925
India,IND,2010,13.184000000000001
India,IND,2011,16.179000000000002
India,IND,2012,17.2997
India,IND,2013,18.4204
India,IND,2014,22.4653
India,IND,2015,25.08819
India,IND,2016,28.70044
India,IND,2017,32.84846
India,IND,2018,35.2881
India,IND,2019,37.50518
India,IND,2020,38.559
Iran,IRN,1997,0.009000000000000001
Iran,IRN,1998,0.009000000000000001
Iran,IRN,1999,0.009000000000000001
Iran,IRN,2000,0.011
Iran,IRN,2001,0.011
Iran,IRN,2002,0.012
Iran,IRN,2003,0.016
Iran,IRN,2004,0.0249
Iran,IRN,2005,0.037
Iran,IRN,2006,0.047
Iran,IRN,2007,0.063
Iran,IRN,2008,0.063
Iran,IRN,2009,0.092
Iran,IRN,2010,0.095
Iran,IRN,2011,0.09820000000000001
Iran,IRN,2012,0.1061
Iran,IRN,2013,0.1076
Iran,IRN,2014,0.14880000000000002
Iran,IRN,2015,0.15344
Iran,IRN,2016,0.19094
Iran,IRN,2017,0.259
Iran,IRN,2018,0.28200000000000003
Iran,IRN,2019,0.30219999999999997
Iran,IRN,2020,0.303
Ireland,IRL,1997,0.053
Ireland,IRL,1998,0.064
Ireland,IRL,1999,0.074
Ireland,IRL,2000,0.1165
Ireland,IRL,2001,0.12290000000000001
Ireland,IRL,2002,0.1348
Ireland,IRL,2003,0.21030000000000001
Ireland,IRL,2004,0.3364
Ireland,IRL,2005,0.4933
Ireland,IRL,2006,0.6765
Ireland,IRL,2007,0.7405
Ireland,IRL,2008,0.9423
Ireland,IRL,2009,1.2513
Ireland,IRL,2010,1.3904
Ireland,IRL,2011,1.5846
Ireland,IRL,2012,1.7044000000000001
Ireland,IRL,2013,2.0082
Ireland,IRL,2014,2.2833
Ireland,IRL,2015,2.451151
Ireland,IRL,2016,2.7859510000000003
Ireland,IRL,2017,3.317951
Ireland,IRL,2018,3.6761340000000002
Ireland,IRL,2019,4.16
Ireland,IRL,2020,4.3
Italy,ITA,1997,0.10300000000000001
Italy,ITA,1998,0.197
Italy,ITA,1999,0.277
Italy,ITA,2000,0.363
Italy,ITA,2001,0.664
Italy,ITA,2002,0.78
Italy,ITA,2003,0.874
Italy,ITA,2004,1.127
Italy,ITA,2005,1.635
Italy,ITA,2006,1.9020000000000001
Italy,ITA,2007,2.702
Italy,ITA,2008,3.525
Italy,ITA,2009,4.8790000000000004
Italy,ITA,2010,5.7940000000000005
Italy,ITA,2011,6.918
Italy,ITA,2012,8.102
Italy,ITA,2013,8.542
Italy,ITA,2014,8.683
Italy,ITA,2015,9.137
Italy,ITA,2016,9.384
Italy,ITA,2017,9.736578
Italy,ITA,2018,10.230246
Italy,ITA,2019,10.679
Italy,ITA,2020,10.839
Japan,JPN,1997,0.017
Japan,JPN,1998,0.03
Japan,JPN,1999,0.068
Japan,JPN,2000,0.084
Japan,JPN,2001,0.17500000000000002
Japan,JPN,2002,0.277
Japan,JPN,2003,0.508
Japan,JPN,2004,0.769
Japan,JPN,2005,1.227
Japan,JPN,2006,1.805
Japan,JPN,2007,1.5270000000000001
Japan,JPN,2008,1.756
Japan,JPN,2009,1.997
Japan,JPN,2010,2.294
Japan,JPN,2011,2.419
Japan,JPN,2012,2.562
Japan,JPN,2013,2.646
Japan,JPN,2014,2.753
Japan,JPN,2015,2.8080000000000003
Japan,JPN,2016,3.247
Japan,JPN,2017,3.483
Japan,JPN,2018,3.6670000000000003
Japan,JPN,2019,3.786
Japan,JPN,2020,4.206
Jordan,JOR,2000,0.0014
Jordan,JOR,2001,0.0014
Jordan,JOR,2002,0.0014
Jordan,JOR,2003,0.0014
Jordan,JOR,2004,0.0014
Jordan,JOR,2005,0.0014
Jordan,JOR,2006,0.0014
Jordan,JOR,2007,0.0014
Jordan,JOR,2008,0.0014
Jordan,JOR,2009,0.0014
Jordan,JOR,2010,0.0014
Jordan,JOR,2011,0.0014
Jordan,JOR,2012,0.0014
Jordan,JOR,2013,0.0014
Jordan,JOR,2014,0.0014
Jordan,JOR,2015,0.1184
Jordan,JOR,2016,0.198
Jordan,JOR,2017,0.19840000000000002
Jordan,JOR,2018,0.28
Jordan,JOR,2019,0.37
Jordan,JOR,2020,0.515
Mexico,MEX,1997,0.002
Mexico,MEX,1998,0.002
Mexico,MEX,1999,0.002
Mexico,MEX,2000,0.017
Mexico,MEX,2001,0.017
Mexico,MEX,2002,0.018000000000000002
Mexico,MEX,2003,0.018000000000000002
Mexico,MEX,2004,0.018000000000000002
Mexico,MEX,2005,0.018000000000000002
Mexico,MEX,2006,0.101
Mexico,MEX,2007,0.101
Mexico,MEX,2008,0.101
Mexico,MEX,2009,0.425
Mexico,MEX,2010,0.519
Mexico,MEX,2011,0.601
Mexico,MEX,2012,1.815
Mexico,MEX,2013,2.122
Mexico,MEX,2014,2.569
Mexico,MEX,2015,3.271
Mexico,MEX,2016,4.051
Mexico,MEX,2017,4.19898
Mexico,MEX,2018,4.875375
Mexico,MEX,2019,6.5908750000000005
Mexico,MEX,2020,8.128
Middle East,,1997,0.009000000000000001
Middle East,,1998,0.009000000000000001
Middle East,,1999,0.009000000000000001
Middle East,,2000,0.012400000000000001
Middle East,,2001,0.012400000000000001
Middle East,,2002,0.0194
Middle East,,2003,0.0234
Middle East,,2004,0.0329
Middle East,,2005,0.045
Middle East,,2006,0.055
Middle East,,2007,0.07100000000000001
Middle East,,2008,0.0717
Middle East,,2009,0.10070000000000001
Middle East,,2010,0.1037
Middle East,,2011,0.10690000000000001
Middle East,,2012,0.1153
Middle East,,2013,0.1192
Middle East,,2014,0.16219999999999998
Middle East,,2015,0.28622000000000003
Middle East,,2016,0.423
Middle East,,2017,0.504
Middle East,,2018,0.609
Middle East,,2019,0.769
Middle East,,2020,0.915
Morocco,MAR,1997,0
Morocco,MAR,1998,0.002
Morocco,MAR,1999,0.02
Morocco,MAR,2000,0.054
Morocco,MAR,2001,0.054
Morocco,MAR,2002,0.054
Morocco,MAR,2003,0.054
Morocco,MAR,2004,0.054
Morocco,MAR,2005,0.054
Morocco,MAR,2006,0.054
Morocco,MAR,2007,0.114
Morocco,MAR,2008,0.114
Morocco,MAR,2009,0.221
Morocco,MAR,2010,0.221
Morocco,MAR,2011,0.255
Morocco,MAR,2012,0.255
Morocco,MAR,2013,0.495
Morocco,MAR,2014,0.797
Morocco,MAR,2015,0.797
Morocco,MAR,2016,0.897
Morocco,MAR,2017,1.0230000000000001
Morocco,MAR,2018,1.225
Morocco,MAR,2019,1.225
Morocco,MAR,2020,1.405
Netherlands,NLD,1997,0.329
Netherlands,NLD,1998,0.379
Netherlands,NLD,1999,0.433
Netherlands,NLD,2000,0.447
Netherlands,NLD,2001,0.486
Netherlands,NLD,2002,0.672
Netherlands,NLD,2003,0.905
Netherlands,NLD,2004,1.075
Netherlands,NLD,2005,1.224
Netherlands,NLD,2006,1.561
Netherlands,NLD,2007,1.749
Netherlands,NLD,2008,2.149
Netherlands,NLD,2009,2.222
Netherlands,NLD,2010,2.237
Netherlands,NLD,2011,2.316
Netherlands,NLD,2012,2.433
Netherlands,NLD,2013,2.713
Netherlands,NLD,2014,2.865
Netherlands,NLD,2015,3.391
Netherlands,NLD,2016,4.257
Netherlands,NLD,2017,4.202
Netherlands,NLD,2018,4.393
Netherlands,NLD,2019,4.484
Netherlands,NLD,2020,6.6000000000000005
New Zealand,NZL,1997,0.0040750000000000005
New Zealand,NZL,1998,0.0040750000000000005
New Zealand,NZL,1999,0.035755
New Zealand,NZL,2000,0.036000000000000004
New Zealand,NZL,2001,0.036000000000000004
New Zealand,NZL,2002,0.054
New Zealand,NZL,2003,0.07200000000000001
New Zealand,NZL,2004,0.166
New Zealand,NZL,2005,0.168
New Zealand,NZL,2006,0.169
New Zealand,NZL,2007,0.32
New Zealand,NZL,2008,0.322
New Zealand,NZL,2009,0.497
New Zealand,NZL,2010,0.524
New Zealand,NZL,2011,0.524
New Zealand,NZL,2012,0.623
New Zealand,NZL,2013,0.623
New Zealand,NZL,2014,0.682
New Zealand,NZL,2015,0.6890000000000001
New Zealand,NZL,2016,0.6890000000000001
New Zealand,NZL,2017,0.6890000000000001
New Zealand,NZL,2018,0.6890000000000001
New Zealand,NZL,2019,0.6890000000000001
New Zealand,NZL,2020,0.784
North America,,1997,1.639
North America,,1998,2.226
North America,,1999,2.573
North America,,2000,2.533
North America,,2001,4.095
North America,,2002,4.705
North America,,2003,6.364
North America,,2004,6.918
North America,,2005,9.401
North America,,2006,12.853
North America,,2007,18.456
North America,,2008,27.088
North America,,2009,38.003
North America,,2010,43.621
North America,,2011,51.542
North America,,2012,67.09100000000001
North America,,2013,69.896
North America,,2014,76.495
North America,,2015,87.05802
North America,,2016,97.31
North America,,2017,104.19897999999999
North America,,2018,112.108775
North America,,2019,123.574875
North America,,2020,139.449
Norway,NOR,1997,0.005
Norway,NOR,1998,0.008
Norway,NOR,1999,0.013000000000000001
Norway,NOR,2000,0.013000000000000001
Norway,NOR,2001,0.013000000000000001
Norway,NOR,2002,0.097
Norway,NOR,2003,0.097
Norway,NOR,2004,0.152
Norway,NOR,2005,0.265
Norway,NOR,2006,0.28400000000000003
Norway,NOR,2007,0.34800000000000003
Norway,NOR,2008,0.395
Norway,NOR,2009,0.423
Norway,NOR,2010,0.425
Norway,NOR,2011,0.512
Norway,NOR,2012,0.705
Norway,NOR,2013,0.8180000000000001
Norway,NOR,2014,0.863
Norway,NOR,2015,0.867
Norway,NOR,2016,0.883
Norway,NOR,2017,1.207
Norway,NOR,2018,1.7103
Norway,NOR,2019,2.914
Norway,NOR,2020,3.977
Other Africa,,1997,0
Other Africa,,1998,0
Other Africa,,1999,0
Other Africa,,2000,0.0004000000000000057
Other Africa,,2001,0.0004000000000000057
Other Africa,,2002,0.003459999999999994
Other Africa,,2003,0.00504000000000002
Other Africa,,2004,0.004960000000000008
Other Africa,,2005,0.005180000000000007
Other Africa,,2006,0.004880000000000053
Other Africa,,2007,0.005720000000000027
Other Africa,,2008,0.005720000000000027
Other Africa,,2009,0.006650000000000091
Other Africa,,2010,0.012317000000000007
Other Africa,,2011,0.10852200000000004
Other Africa,,2012,0.12181400000000021
Other Africa,,2013,0.22220399999999996
Other Africa,,2014,0.23376800000000003
Other Africa,,2015,0.452
Other Africa,,2016,0.465
Other Africa,,2017,0.47000000000000003
Other Africa,,2018,0.781
Other Africa,,2019,0.8310000000000001
Other Africa,,2020,0.8310000000000001
Other Asia Pacific,,1997,0.004
Other Asia Pacific,,1998,0.004
Other Asia Pacific,,1999,0.006
Other Asia Pacific,,2000,0.007
Other Asia Pacific,,2001,0.007599999999999909
Other Asia Pacific,,2002,0.009800000000000182
Other Asia Pacific,,2003,0.014400000000000093
Other Asia Pacific,,2004,0.025800000000000187
Other Asia Pacific,,2005,0.025800000000000187
Other Asia Pacific,,2006,0.03220000000000073
Other Asia Pacific,,2007,0.04729999999999927
Other Asia Pacific,,2008,0.05412600000000748
Other Asia Pacific,,2009,0.06664600000000792
Other Asia Pacific,,2010,0.1171759999999922
Other Asia Pacific,,2011,0.12804099999999743
Other Asia Pacific,,2012,0.16127399999997583
Other Asia Pacific,,2013,0.2374140000000189
Other Asia Pacific,,2014,0.2790040000000008
Other Asia Pacific,,2015,0.3738159999999916
Other Asia Pacific,,2016,0.39829099999999745
Other Asia Pacific,,2017,0.4971879999999946
Other Asia Pacific,,2018,0.7239269999999961
Other Asia Pacific,,2019,0.9267239999999874
Other Asia Pacific,,2020,1.23
Other CIS,,2000,0
Other CIS,,2001,0
Other CIS,,2002,0
Other CIS,,2003,0
Other CIS,,2004,0
Other CIS,,2005,0.0026000000000000016
Other CIS,,2006,0.0025999999999999942
Other CIS,,2007,0.0025999999999999942
Other CIS,,2008,0.002600000000000023
Other CIS,,2009,0.0046000000000000225
Other CIS,,2010,0.004640000000000001
Other CIS,,2011,0.002640000000000001
Other CIS,,2012,0.0041400000000000005
Other CIS,,2013,0.00934
Other CIS,,2014,0.05815000000000001
Other CIS,,2015,0.083
Other CIS,,2016,0.138
Other CIS,,2017,0.153
Other CIS,,2018,0.212
Other CIS,,2019,0.375
Other CIS,,2020,0.577
Other Europe,,1997,0.02
Other Europe,,1998,0.022
Other Europe,,1999,0.025
Other Europe,,2000,0.02138500000000022
Other Europe,,2001,0.02260299999999916
Other Europe,,2002,0.05058100000000195
Other Europe,,2003,0.07233599999999933
Other Europe,,2004,0.10787199999999576
Other Europe,,2005,0.15639599999999337
Other Europe,,2006,0.23485599999999976
Other Europe,,2007,0.368997000000003
Other Europe,,2008,0.5243780000000042
Other Europe,,2009,0.7634100000000035
Other Europe,,2010,1.030161000000022
Other Europe,,2011,1.3232660000000034
Other Europe,,2012,1.6247119999999995
Other Europe,,2013,1.719337999999989
Other Europe,,2014,1.8923360000000105
Other Europe,,2015,2.237595000000001
Other Europe,,2016,2.4926900000000023
Other Europe,,2017,2.7645290000000093
Other Europe,,2018,3.1355260000000125
Other Europe,,2019,3.4476800000000223
Other Europe,,2020,3.6510000000000002
Other Middle East,,1997,0
Other Middle East,,1998,0
Other Middle East,,1999,0
Other Middle East,,2000,0
Other Middle East,,2001,0
Other Middle East,,2002,0.005999999999999998
Other Middle East,,2003,0.006
Other Middle East,,2004,0.006600000000000002
Other Middle East,,2005,0.006600000000000002
Other Middle East,,2006,0.006600000000000002
Other Middle East,,2007,0.006599999999999995
Other Middle East,,2008,0.0072999999999999975
Other Middle East,,2009,0.0072999999999999975
Other Middle East,,2010,0.0072999999999999975
Other Middle East,,2011,0.0072999999999999975
Other Middle East,,2012,0.007799999999999997
Other Middle East,,2013,0.010200000000000004
Other Middle East,,2014,0.011999999999999972
Other Middle East,,2015,0.01437999999999997
Other Middle East,,2016,0.03406
Other Middle East,,2017,0.04660000000000002
Other Middle East,,2018,0.047
Other Middle East,,2019,0.0968
Other Middle East,,2020,0.097
Other South & Central America,,1997,0.006
Other South & Central America,,1998,0.006
Other South & Central America,,1999,0.007
Other South & Central America,,2000,0.011800000000000012
Other South & Central America,,2001,0.02079999999999998
Other South & Central America,,2002,0.024099999999999996
Other South & Central America,,2003,0.032200000000000006
Other South & Central America,,2004,0.07399999999999998
Other South & Central America,,2005,0.06570000000000001
Other South & Central America,,2006,0.07560000000000003
Other South & Central America,,2007,0.08049999999999995
Other South & Central America,,2008,0.08289999999999997
Other South & Central America,,2009,0.1639000000000001
Other South & Central America,,2010,0.2109000000000003
Other South & Central America,,2011,0.35120000000000007
Other South & Central America,,2012,0.6376000000000004
Other South & Central America,,2013,0.7186000000000003
Other South & Central America,,2014,0.9643999999999997
Other South & Central America,,2015,1.380094000000001
Other South & Central America,,2016,1.6058600000000005
Other South & Central America,,2017,1.571798000000001
Other South & Central America,,2018,1.813137999999999
Other South & Central America,,2019,2.0535970000000017
Other South & Central America,,2020,2.545
Pakistan,PAK,1997,0
Pakistan,PAK,1998,0
Pakistan,PAK,1999,0
Pakistan,PAK,2000,0
Pakistan,PAK,2001,0
Pakistan,PAK,2002,0
Pakistan,PAK,2003,0
Pakistan,PAK,2004,0
Pakistan,PAK,2005,0
Pakistan,PAK,2006,0
Pakistan,PAK,2007,0
Pakistan,PAK,2008,0.006
Pakistan,PAK,2009,0.006
Pakistan,PAK,2010,0.006
Pakistan,PAK,2011,0.006
Pakistan,PAK,2012,0.056155000000000004
Pakistan,PAK,2013,0.10605500000000001
Pakistan,PAK,2014,0.20555500000000002
Pakistan,PAK,2015,0.30835500000000005
Pakistan,PAK,2016,0.5906549999999999
Pakistan,PAK,2017,0.7891549999999999
Pakistan,PAK,2018,1.185855
Pakistan,PAK,2019,1.2358550000000001
Pakistan,PAK,2020,1.236
Philippines,PHL,1997,0
Philippines,PHL,1998,0
Philippines,PHL,1999,0
Philippines,PHL,2000,0
Philippines,PHL,2001,0
Philippines,PHL,2002,0
Philippines,PHL,2003,0
Philippines,PHL,2004,0
Philippines,PHL,2005,0.033
Philippines,PHL,2006,0.033
Philippines,PHL,2007,0.033
Philippines,PHL,2008,0.033
Philippines,PHL,2009,0.033
Philippines,PHL,2010,0.033
Philippines,PHL,2011,0.033
Philippines,PHL,2012,0.033
Philippines,PHL,2013,0.033
Philippines,PHL,2014,0.3369
Philippines,PHL,2015,0.4269
Philippines,PHL,2016,0.4269
Philippines,PHL,2017,0.4269
Philippines,PHL,2018,0.4269
Philippines,PHL,2019,0.443
Philippines,PHL,2020,0.443
Poland,POL,1997,0.002
Poland,POL,1998,0.002
Poland,POL,1999,0.002
Poland,POL,2000,0.004
Poland,POL,2001,0.019
Poland,POL,2002,0.032
Poland,POL,2003,0.035
Poland,POL,2004,0.04
Poland,POL,2005,0.121
Poland,POL,2006,0.17200000000000001
Poland,POL,2007,0.306
Poland,POL,2008,0.526
Poland,POL,2009,0.709
Poland,POL,2010,1.108
Poland,POL,2011,1.8
Poland,POL,2012,2.564
Poland,POL,2013,3.4290000000000003
Poland,POL,2014,3.8360000000000003
Poland,POL,2015,4.886
Poland,POL,2016,5.747
Poland,POL,2017,5.7593570000000005
Poland,POL,2018,5.766078
Poland,POL,2019,5.837
Poland,POL,2020,6.267
Portugal,PRT,1997,0.039
Portugal,PRT,1998,0.051000000000000004
Portugal,PRT,1999,0.061
Portugal,PRT,2000,0.083
Portugal,PRT,2001,0.125
Portugal,PRT,2002,0.19
Portugal,PRT,2003,0.268
Portugal,PRT,2004,0.553
Portugal,PRT,2005,1.064
Portugal,PRT,2006,1.681
Portugal,PRT,2007,2.201
Portugal,PRT,2008,2.857
Portugal,PRT,2009,3.326
Portugal,PRT,2010,3.7960000000000003
Portugal,PRT,2011,4.256214999999999
Portugal,PRT,2012,4.4115519999999995
Portugal,PRT,2013,4.609948999999999
Portugal,PRT,2014,4.856555999999999
Portugal,PRT,2015,4.936838
Portugal,PRT,2016,5.124103
Portugal,PRT,2017,5.124104999999999
Portugal,PRT,2018,5.172359
Portugal,PRT,2019,5.223
Portugal,PRT,2020,5.239
Romania,ROU,1997,0
Romania,ROU,1998,0
Romania,ROU,1999,0
Romania,ROU,2000,0
Romania,ROU,2001,0
Romania,ROU,2002,0
Romania,ROU,2003,0
Romania,ROU,2004,0
Romania,ROU,2005,0.001
Romania,ROU,2006,0.001
Romania,ROU,2007,0.003
Romania,ROU,2008,0.005
Romania,ROU,2009,0.015
Romania,ROU,2010,0.389
Romania,ROU,2011,0.988
Romania,ROU,2012,1.822
Romania,ROU,2013,2.773
Romania,ROU,2014,3.244
Romania,ROU,2015,3.13
Romania,ROU,2016,3.025
Romania,ROU,2017,3.029798
Romania,ROU,2018,3.0322579999999997
Romania,ROU,2019,3.0380000000000003
Romania,ROU,2020,3.023
Russia,RUS,2000,0.003
Russia,RUS,2001,0.003
Russia,RUS,2002,0.007
Russia,RUS,2003,0.009000000000000001
Russia,RUS,2004,0.009000000000000001
Russia,RUS,2005,0.01
Russia,RUS,2006,0.01
Russia,RUS,2007,0.01
Russia,RUS,2008,0.01
Russia,RUS,2009,0.01
Russia,RUS,2010,0.01
Russia,RUS,2011,0.01
Russia,RUS,2012,0.01
Russia,RUS,2013,0.01
Russia,RUS,2014,0.01
Russia,RUS,2015,0.0109
Russia,RUS,2016,0.0109
Russia,RUS,2017,0.0109
Russia,RUS,2018,0.0519
Russia,RUS,2019,0.1019
Russia,RUS,2020,0.9450000000000001
South & Central America,,1997,0.042
South & Central America,,1998,0.066
South & Central America,,1999,0.078
South & Central America,,2000,0.09040000000000001
South & Central America,,2001,0.1339
South & Central America,,2002,0.1362
South & Central America,,2003,0.1525
South & Central America,,2004,0.19640000000000002
South & Central America,,2005,0.1931
South & Central America,,2006,0.41100000000000003
South & Central America,,2007,0.4452
South & Central America,,2008,0.6132000000000001
South & Central America,,2009,1.1069000000000002
South & Central America,,2010,1.4889000000000001
South & Central America,,2011,2.1972
South & Central America,,2012,3.0713000000000004
South & Central America,,2013,3.6191
South & Central America,,2014,7.4814
South & Central America,,2015,11.245000000000001
South & Central America,,2016,14.491
South & Central America,,2017,17.327
South & Central America,,2018,20.849
South & Central America,,2019,22.646
South & Central America,,2020,26.424
South Africa,ZAF,1997,0
South Africa,ZAF,1998,0
South Africa,ZAF,1999,0
South Africa,ZAF,2000,0
South Africa,ZAF,2001,0
South Africa,ZAF,2002,0.0032
South Africa,ZAF,2003,0.0032
South Africa,ZAF,2004,0.0032
South Africa,ZAF,2005,0.0032
South Africa,ZAF,2006,0.0032
South Africa,ZAF,2007,0.0032
South Africa,ZAF,2008,0.008400000000000001
South Africa,ZAF,2009,0.008400000000000001
South Africa,ZAF,2010,0.01016
South Africa,ZAF,2011,0.01016
South Africa,ZAF,2012,0.01016
South Africa,ZAF,2013,0.257
South Africa,ZAF,2014,0.5690000000000001
South Africa,ZAF,2015,1.079
South Africa,ZAF,2016,1.473
South Africa,ZAF,2017,2.094
South Africa,ZAF,2018,2.094
South Africa,ZAF,2019,2.094
South Africa,ZAF,2020,2.636
South Korea,KOR,1997,0.001
South Korea,KOR,1998,0.001
South Korea,KOR,1999,0.005
South Korea,KOR,2000,0.007
South Korea,KOR,2001,0.011
South Korea,KOR,2002,0.013000000000000001
South Korea,KOR,2003,0.019
South Korea,KOR,2004,0.029
South Korea,KOR,2005,0.099
South Korea,KOR,2006,0.178
South Korea,KOR,2007,0.196
South Korea,KOR,2008,0.304
South Korea,KOR,2009,0.35100000000000003
South Korea,KOR,2010,0.382
South Korea,KOR,2011,0.425
South Korea,KOR,2012,0.464
South Korea,KOR,2013,0.5760000000000001
South Korea,KOR,2014,0.612
South Korea,KOR,2015,0.847
South Korea,KOR,2016,1.067
South Korea,KOR,2017,1.215
South Korea,KOR,2018,1.4203299999999999
South Korea,KOR,2019,1.512221
South Korea,KOR,2020,1.6360000000000001
Spain,ESP,1997,0.512
Spain,ESP,1998,0.723
Spain,ESP,1999,1.408
Spain,ESP,2000,2.206
Spain,ESP,2001,3.3970000000000002
Spain,ESP,2002,4.891
Spain,ESP,2003,5.945
Spain,ESP,2004,8.317
Spain,ESP,2005,9.918000000000001
Spain,ESP,2006,11.722
Spain,ESP,2007,14.82
Spain,ESP,2008,16.555
Spain,ESP,2009,19.176000000000002
Spain,ESP,2010,20.693
Spain,ESP,2011,21.529
Spain,ESP,2012,22.789
Spain,ESP,2013,22.958000000000002
Spain,ESP,2014,22.925
Spain,ESP,2015,22.943
Spain,ESP,2016,22.990000000000002
Spain,ESP,2017,23.124479
Spain,ESP,2018,23.405055
Spain,ESP,2019,25.583000000000002
Spain,ESP,2020,27.089000000000002
Sweden,SWE,1997,0.122
Sweden,SWE,1998,0.176
Sweden,SWE,1999,0.22
Sweden,SWE,2000,0.209
Sweden,SWE,2001,0.295
Sweden,SWE,2002,0.357
Sweden,SWE,2003,0.417
Sweden,SWE,2004,0.47500000000000003
Sweden,SWE,2005,0.522
Sweden,SWE,2006,0.585
Sweden,SWE,2007,0.8230000000000001
Sweden,SWE,2008,1.089
Sweden,SWE,2009,1.475
Sweden,SWE,2010,2.017
Sweden,SWE,2011,2.7640000000000002
Sweden,SWE,2012,3.606
Sweden,SWE,2013,4.194
Sweden,SWE,2014,5.088
Sweden,SWE,2015,5.819
Sweden,SWE,2016,6.4350000000000005
Sweden,SWE,2017,6.611
Sweden,SWE,2018,7.3
Sweden,SWE,2019,8.681000000000001
Sweden,SWE,2020,9.688
Taiwan,TWN,1997,0.001
Taiwan,TWN,1998,0.001
Taiwan,TWN,1999,0.001
Taiwan,TWN,2000,0.0026000000000000003
Taiwan,TWN,2001,0.005
Taiwan,TWN,2002,0.0085
Taiwan,TWN,2003,0.0085
Taiwan,TWN,2004,0.0085
Taiwan,TWN,2005,0.023899999999999998
Taiwan,TWN,2006,0.10200000000000001
Taiwan,TWN,2007,0.186
Taiwan,TWN,2008,0.2504
Taiwan,TWN,2009,0.3743
Taiwan,TWN,2010,0.4759
Taiwan,TWN,2011,0.5227
Taiwan,TWN,2012,0.5710000000000001
Taiwan,TWN,2013,0.6142000000000001
Taiwan,TWN,2014,0.6372000000000001
Taiwan,TWN,2015,0.6467
Taiwan,TWN,2016,0.682
Taiwan,TWN,2017,0.6920000000000001
Taiwan,TWN,2018,0.713191
Taiwan,TWN,2019,0.8452000000000001
Taiwan,TWN,2020,0.845
Thailand,THA,1997,0
Thailand,THA,1998,0
Thailand,THA,1999,0
Thailand,THA,2000,0
Thailand,THA,2001,0
Thailand,THA,2002,0
Thailand,THA,2003,0
Thailand,THA,2004,0
Thailand,THA,2005,0
Thailand,THA,2006,0.0003
Thailand,THA,2007,0.0009000000000000001
Thailand,THA,2008,0.0011
Thailand,THA,2009,0.0050999999999999995
Thailand,THA,2010,0.0056
Thailand,THA,2011,0.0073
Thailand,THA,2012,0.11170000000000001
Thailand,THA,2013,0.22269999999999998
Thailand,THA,2014,0.2245
Thailand,THA,2015,0.2339
Thailand,THA,2016,0.50704
Thailand,THA,2017,0.62782
Thailand,THA,2018,1.10282
Thailand,THA,2019,1.50682
Thailand,THA,2020,1.5070000000000001
Tunisia,TUN,1997,0
Tunisia,TUN,1998,0.002
Tunisia,TUN,1999,0.008
Tunisia,TUN,2000,0.01
Tunisia,TUN,2001,0.01
Tunisia,TUN,2002,0.01
Tunisia,TUN,2003,0.019
Tunisia,TUN,2004,0.019
Tunisia,TUN,2005,0.019
Tunisia,TUN,2006,0.019
Tunisia,TUN,2007,0.019
Tunisia,TUN,2008,0.019
Tunisia,TUN,2009,0.053
Tunisia,TUN,2010,0.053
Tunisia,TUN,2011,0.053
Tunisia,TUN,2012,0.17300000000000001
Tunisia,TUN,2013,0.2
Tunisia,TUN,2014,0.233
Tunisia,TUN,2015,0.244
Tunisia,TUN,2016,0.244
Tunisia,TUN,2017,0.244
Tunisia,TUN,2018,0.244
Tunisia,TUN,2019,0.244
Tunisia,TUN,2020,0.244
Turkey,TUR,1997,0.009000000000000001
Turkey,TUR,1998,0.009000000000000001
Turkey,TUR,1999,0.009000000000000001
Turkey,TUR,2000,0.019
Turkey,TUR,2001,0.019
Turkey,TUR,2002,0.019
Turkey,TUR,2003,0.019
Turkey,TUR,2004,0.019
Turkey,TUR,2005,0.021
Turkey,TUR,2006,0.059000000000000004
Turkey,TUR,2007,0.146
Turkey,TUR,2008,0.364
Turkey,TUR,2009,0.792
Turkey,TUR,2010,1.32
Turkey,TUR,2011,1.729
Turkey,TUR,2012,2.261
Turkey,TUR,2013,2.7600000000000002
Turkey,TUR,2014,3.63
Turkey,TUR,2015,4.503
Turkey,TUR,2016,5.751
Turkey,TUR,2017,6.51615
Turkey,TUR,2018,7.005350000000001
Turkey,TUR,2019,7.59115
Turkey,TUR,2020,8.832
Ukraine,UKR,2000,0.005
Ukraine,UKR,2001,0.0362
Ukraine,UKR,2002,0.046200000000000005
Ukraine,UKR,2003,0.0544
Ukraine,UKR,2004,0.0714
Ukraine,UKR,2005,0.0766
Ukraine,UKR,2006,0.0766
Ukraine,UKR,2007,0.082
Ukraine,UKR,2008,0.083
Ukraine,UKR,2009,0.08600000000000001
Ukraine,UKR,2010,0.088
Ukraine,UKR,2011,0.146
Ukraine,UKR,2012,0.248
Ukraine,UKR,2013,0.362
Ukraine,UKR,2014,0.5139
Ukraine,UKR,2015,0.5139
Ukraine,UKR,2016,0.526
Ukraine,UKR,2017,0.553
Ukraine,UKR,2018,0.62077
Ukraine,UKR,2019,1.25777
Ukraine,UKR,2020,1.4020000000000001
United Kingdom,GBR,1997,0.328
United Kingdom,GBR,1998,0.338
United Kingdom,GBR,1999,0.362
United Kingdom,GBR,2000,0.41200000000000003
United Kingdom,GBR,2001,0.493
United Kingdom,GBR,2002,0.534
United Kingdom,GBR,2003,0.742
United Kingdom,GBR,2004,0.933
United Kingdom,GBR,2005,1.565
United Kingdom,GBR,2006,1.955
United Kingdom,GBR,2007,2.477
United Kingdom,GBR,2008,3.446
United Kingdom,GBR,2009,4.422
United Kingdom,GBR,2010,5.4212
United Kingdom,GBR,2011,6.5963
United Kingdom,GBR,2012,9.0304
United Kingdom,GBR,2013,11.2823
United Kingdom,GBR,2014,13.074
United Kingdom,GBR,2015,14.305634
United Kingdom,GBR,2016,16.125696
United Kingdom,GBR,2017,19.584758
United Kingdom,GBR,2018,21.767
United Kingdom,GBR,2019,24.095
United Kingdom,GBR,2020,24.665
United States,USA,1997,1.611
United States,USA,1998,2.141
United States,USA,1999,2.445
United States,USA,2000,2.3770000000000002
United States,USA,2001,3.864
United States,USA,2002,4.417
United States,USA,2003,5.995
United States,USA,2004,6.456
United States,USA,2005,8.706
United States,USA,2006,11.329
United States,USA,2007,16.515
United States,USA,2008,24.651
United States,USA,2009,34.296
United States,USA,2010,39.135
United States,USA,2011,45.676
United States,USA,2012,59.075
United States,USA,2013,59.973
United States,USA,2014,64.232
United States,USA,2015,72.57302
United States,USA,2016,81.286
United States,USA,2017,87.59700000000001
United States,USA,2018,94.4174
United States,USA,2019,103.571
United States,USA,2020,117.744
Uruguay,URY,1997,0
Uruguay,URY,1998,0
Uruguay,URY,1999,0
Uruguay,URY,2000,0
Uruguay,URY,2001,0
Uruguay,URY,2002,0
Uruguay,URY,2003,0
Uruguay,URY,2004,0
Uruguay,URY,2005,0
Uruguay,URY,2006,0
Uruguay,URY,2007,0
Uruguay,URY,2008,0.0146
Uruguay,URY,2009,0.030600000000000002
Uruguay,URY,2010,0.040600000000000004
Uruguay,URY,2011,0.0436
Uruguay,URY,2012,0.0526
Uruguay,URY,2013,0.0594
Uruguay,URY,2014,0.4813
Uruguay,URY,2015,0.856766
Uruguay,URY,2016,1.211
Uruguay,URY,2017,1.5110000000000001
Uruguay,URY,2018,1.5110000000000001
Uruguay,URY,2019,1.514
Uruguay,URY,2020,1.514
World,OWID_WRL,1995,4.7780000000000005
World,OWID_WRL,1996,6.07
World,OWID_WRL,1997,7.623075
World,OWID_WRL,1998,9.936174999999999
World,OWID_WRL,1999,13.426555
World,OWID_WRL,2000,17.3037
World,OWID_WRL,2001,23.976400000000005
World,OWID_WRL,2002,30.979460000000003
World,OWID_WRL,2003,38.391740000000006
World,OWID_WRL,2004,46.91076
World,OWID_WRL,2005,58.441379999999995
World,OWID_WRL,2006,73.15198
World,OWID_WRL,2007,91.49622000000001
World,OWID_WRL,2008,115.347574
World,OWID_WRL,2009,150.165004
World,OWID_WRL,2010,180.92387100000002
World,OWID_WRL,2011,220.12026300000002
World,OWID_WRL,2012,267.096716
World,OWID_WRL,2013,300.286743
World,OWID_WRL,2014,349.671007
World,OWID_WRL,2015,416.24473100000006
World,OWID_WRL,2016,466.861116
World,OWID_WRL,2017,514.3740300000001
World,OWID_WRL,2018,563.829025
World,OWID_WRL,2019,622.2489250000001
World,OWID_WRL,2020,733.2760000000001